{
  "invoice_number": "INV-1001",
  "invoice_date": "2025-02-01",
  "due_date": "N/A",
  "vendor_name": "ABC Suppliers Pvt Ltd",
  "vendor_address": "N/A",
  "customer_name": "XYZ Retailers",
  "customer_address": "N/A",
  "line_items": [
    {
      "description": "Product A",
      "quantity": 2,
      "unit_price": 50,
      "total": 100
    },
    {
      "description": "Product B",
      "quantity": 1,
      "unit_price": 150,
      "total": 150
    }
  ],
  "subtotal": 250,
  "tax_amount": 25,
  "total_amount": 275,
  "currency": "EUR"
}