{
  "aspirin": {
    "id": "SYN-ASP",
    "name": "Aspirin",
    "interactions": [
      {
        "drug": "warfarin",
        "severity": "high",
        "mechanism": "Increased risk of bleeding due to additive antiplatelet/anticoagulant effects",
        "action": "Avoid combination if possible; monitor INR and bleeding signs",
        "evidence": "synthetic"
      }
    ],
    "warnings": ["Risk of gastrointestinal bleeding"]
  },

  "warfarin": {
    "id": "SYN-WAR",
    "name": "Warfarin",
    "interactions": [
      {
        "drug": "aspirin",
        "severity": "high",
        "mechanism": "Increased bleeding risk with antiplatelet agents",
        "action": "Avoid combination; close monitoring required",
        "evidence": "synthetic"
      }
    ],
    "warnings": ["Requires INR monitoring"]
  },

  "paracetamol": {
    "id": "SYN-PARA",
    "name": "Paracetamol",
    "interactions": [
      {
        "drug": "ibuprofen",
        "severity": "low",
        "mechanism": "No clinically significant interaction at normal doses",
        "action": "Generally safe; monitor for side effects",
        "evidence": "synthetic"
      }
    ],
    "warnings": ["High dose can cause liver injury"]
  },

  "ibuprofen": {
    "id": "SYN-IBU",
    "name": "Ibuprofen",
    "interactions": [
      {
        "drug": "paracetamol",
        "severity": "low",
        "mechanism": "No major interaction at therapeutic doses",
        "action": "Generally safe",
        "evidence": "synthetic"
      }
    ],
    "warnings": ["Risk of GI bleeding with chronic use"]
  }
}
